{
    "fc-7": {
        "level": 2,
        "last": 1775073467.4190004
    },
    "fc-1": {
        "level": 1,
        "last": 1775084098.070196
    },
    "fc-9": {
        "level": 2,
        "last": 1775073784.9167366
    },
    "fc-5": {
        "level": 3,
        "last": 1775082904.8520513
    },
    "fc-10": {
        "level": 3,
        "last": 1775082906.730871
    },
    "fc-3": {
        "level": 3,
        "last": 1775084096.7407124
    },
    "fc-4": {
        "level": 3,
        "last": 1775084099.5725608
    },
    "fc-2": {
        "level": 1,
        "last": 1775073783.3339396
    },
    "fc-6": {
        "level": 1,
        "last": 1775073790.9876077
    },
    "fc-8": {
        "level": 1,
        "last": 1775082897.0353386
    }
}