{
    "fc-7": {
        "level": 2,
        "last": 1775073467.4190004
    },
    "fc-1": {
        "level": 1,
        "last": 1775070576.5339627
    },
    "fc-9": {
        "level": 2,
        "last": 1775073784.9167366
    },
    "fc-5": {
        "level": 2,
        "last": 1775073796.4801397
    },
    "fc-10": {
        "level": 3,
        "last": 1775073774.9334047
    },
    "fc-3": {
        "level": 2,
        "last": 1775073778.6899061
    },
    "fc-4": {
        "level": 2,
        "last": 1775073781.6152923
    },
    "fc-2": {
        "level": 1,
        "last": 1775073783.3339396
    },
    "fc-6": {
        "level": 1,
        "last": 1775073790.9876077
    }
}